{
  "ΛCDM": {
    "parameters": {
      "Ωₘ": 0.2505050505050505,
      "H₀": 71.41414141414141
    },
    "uncertainty": {
      "Ωₘ": 0.015487266810165297,
      "H₀": 1.2045945760177028
    },
    "chi2": 20.027011457054297,
    "aic": 24.027011457054297,
    "bic": 27.194049333966518,
    "chi2_dof": 0.5890297487368911,
    "residual_rms": 13.125190187002865,
    "n_params": 2
  }
}