{
  "ΛCDM": {
    "parameters": {
      "Ωₘ": 0.3671,
      "H₀": 63.76254180602007
    },
    "uncertainty": {
      "Ωₘ": 0.0,
      "H₀": 1.0762139547859795
    },
    "chi2": 34.88979337063907,
    "aic": 36.88979337063907,
    "bic": 38.47331230909518,
    "chi2_dof": 0.9968512391611163,
    "residual_rms": 12.7401353883338,
    "n_params": 1
  }
}