{
  "Genesis_Field": {
    "parameters": {
      "Ωₘ": 0.26328810419026366,
      "ε": -3.382869669305141e-05,
      "ω": 0.1589694111421403,
      "ϕ": 0.048227442061567816,
      "γ": 0.15923187709806508,
      "H₀": 70.35376937153904
    },
    "uncertainty": {
      "Ωₘ": 0.01769017154717984,
      "ε": 0.0057855308450885014,
      "ω": 0.05200371518837992,
      "ϕ": 1.8149371400991339,
      "γ": 0.05183864062604915,
      "H₀": 1.228163151496758
    },
    "chi2": 20.277706706930278,
    "aic": 32.277706706930275,
    "bic": 41.77882033766694,
    "chi2_dof": 0.6759235568976759,
    "residual_rms": 12.938233583832906,
    "n_params": 6
  },
  "ΛCDM": {
    "Ωₘ": 0.2513022704125704,
    "H₀": 71.35995247202345,
    "chi2": 20.025820677919334,
    "aic": 24.025820677919334,
    "bic": 27.192858554831552,
    "chi2_dof": 0.5889947258211569,
    "residual_rms": 13.105140030788702,
    "n_params": 2
  }
}