{
  "Ωₘ_fixed": 0.3671151885693641,
  "Genesis_Field": {
    "parameters": {
      "ε": 0.0002748154623458737,
      "ω": 0.1690986038545516,
      "ϕ": 0.0916598617591719,
      "γ": 0.16534817795746953,
      "H₀": 69.07554386833459
    },
    "uncertainty": {
      "ε": 0.006444155082464594,
      "ω": 0.051972473789644764,
      "ϕ": 1.8256331986207657,
      "γ": 0.05218788737476098,
      "H₀": 0.10515789886122896
    },
    "chi2": 83.9270203231083,
    "aic": 93.9270203231083,
    "bic": 101.84461501538884,
    "chi2_dof": 2.7073232362293,
    "residual_rms": 15.15778838013377,
    "n_params": 5
  },
  "ΛCDM": {
    "H₀": 63.74145146991169,
    "chi2": 34.89219964297109,
    "aic": 36.89219964297109,
    "bic": 38.4757185814272,
    "chi2_dof": 0.9969199897991741,
    "residual_rms": 12.745645707351464,
    "n_params": 1
  }
}