{
  "config": {
    "z_grid": {
      "min": 0.0,
      "max": 2.0,
      "N": 401
    },
    "z_points_reported": {
      "q_w": [
        0.0,
        0.5
      ],
      "Om": [
        0.5
      ]
    },
    "H0_LCDM_used": 71.35995247202345,
    "Omega_m_LCDM_used": 0.2513022704125704
  },
  "Genesis_Field": {
    "q0": {
      "median": -0.6050025154470688,
      "minus": 0.02363767743204903,
      "plus": 0.029986746992833546
    },
    "q_0p5": {
      "median": -0.17984404046653302,
      "minus": 0.030886909752943753,
      "plus": 0.03721567445414092
    },
    "w0": {
      "median": -0.7366683436313792,
      "minus": 0.015758451621366132,
      "plus": 0.019991164661888994
    },
    "w_0p5": {
      "median": -0.453229360311022,
      "minus": 0.02059127316862913,
      "plus": 0.024810449636093967
    },
    "r0": {
      "median": 1.0001129407019502,
      "minus": 0.0005498268947380369,
      "plus": 0.0005558851249327645
    },
    "s0": {
      "median": -3.4211284961569235e-05,
      "minus": 0.0001665994453672049,
      "plus": 0.0001673735506731586
    },
    "Om_0p5": {
      "median": 0.263329220025921,
      "minus": 0.01575339116114599,
      "plus": 0.019991507287332566
    }
  },
  "LCDM": {
    "q0": -0.6230470734390963,
    "q_0p5": -0.20329314404813859,
    "w0": -0.7486980489593975,
    "w_0p5": -0.4688620960320924,
    "r0": 1.000226865375847,
    "s0": -6.733626197647947e-05,
    "Om_0p5": 0.2513022704125704
  }
}