{
  "config": {
    "Omega_m_fixed": 0.3671151885693641,
    "z_grid": {
      "min": 0.0,
      "max": 2.0,
      "N": 401
    },
    "z_points_reported": {
      "q_w": [
        0.0,
        0.5
      ],
      "Om": [
        0.5
      ]
    },
    "H0_LCDM_used": 63.74145146991169
  },
  "Genesis_Field": {
    "q0": {
      "median": -0.45009159149888944,
      "minus": 0.0010573065728528008,
      "plus": 0.0008826953393890058
    },
    "q_0p5": {
      "median": -0.00822832875811208,
      "minus": 0.0014463409326332995,
      "plus": 0.0012326221274949001
    },
    "w0": {
      "median": -0.633394394332593,
      "minus": 0.0007048710485685339,
      "plus": 0.0005884635595926335
    },
    "w_0p5": {
      "median": -0.33881888583874137,
      "minus": 0.0009642272884222147,
      "plus": 0.0008217480849965764
    },
    "r0": {
      "median": 0.9991389285733252,
      "minus": 0.00019805918404469658,
      "plus": 0.00014716612558540731
    },
    "s0": {
      "median": 0.0003021409284502325,
      "minus": 5.168019450836213e-05,
      "plus": 6.927461457307838e-05
    },
    "Om_0p5": {
      "median": 0.366529158701258,
      "minus": 0.0007931715953617413,
      "plus": 0.0006722620457866868
    }
  },
  "LCDM": {
    "q0": -0.4493253633016252,
    "q_0p5": -0.007148556060339484,
    "w0": -0.6328835755344169,
    "w_0p5": -0.3380990373735596,
    "r0": 0.9991765584205685,
    "s0": 0.0002891321954388271,
    "Om_0p5": 0.367115188569364
  }
}