{
  "ΛCDM_joint": {
    "parameters": {
      "Ωₘ": 0.2857142857142857,
      "H₀": 71.06122448979592
    },
    "uncertainty": {
      "Ωₘ": 0.011150967511264941,
      "H₀": 0.23707403198953308
    },
    "chi2": 646.1658956855787,
    "aic": 650.1658956855787,
    "bic": 660.6586318457836,
    "chi2_dof": 0.4612176271845672,
    "residuals": {
      "mu_rms": 0.15114805712546492,
      "Hz_rms": 12.251436584727735
    },
    "M_locked": -0.07382,
    "n_params": 2,
    "n_data": 1403
  }
}