{
  "M_locked": -0.07382,
  "Genesis_Field": {
    "parameters": {
      "Ωₘ": 0.2854901241262306,
      "ε": 0.0002854372092767031,
      "ω": 0.5929406360166309,
      "ϕ": 0.011204119203944707,
      "γ": 0.23621502548526094,
      "H₀": 71.06298820258581
    },
    "uncertainty": {
      "Ωₘ": 0.011505562716944064,
      "ε": 0.01260293984322488,
      "ω": 0.2914331926692483,
      "ϕ": 1.8330376108196456,
      "γ": 0.1425039944345687,
      "H₀": 0.23114099981301553
    },
    "chi2_sn": 617.1287031123052,
    "chi2_hz": 28.97725673665707,
    "chi2_total": 646.1059598489622,
    "aic": 658.1059598489622,
    "bic": 689.584168329577,
    "chi2_dof": 0.4624953184316122,
    "residual_rms": {
      "mu": 0.1511635073713843,
      "Hz": 12.248525063207632
    },
    "n_params": 6
  },
  "ΛCDM": {
    "parameters": {
      "Ωₘ": 0.2857142857142857,
      "H₀": 71.06122448979592
    },
    "uncertainty": {
      "Ωₘ": 0.011150967511264941,
      "H₀": 0.23707403198953308
    },
    "chi2": 646.1658956855787,
    "aic": 650.1658956855787,
    "bic": 660.6586318457836,
    "chi2_dof": 0.4612176271845672,
    "residuals": {
      "mu_rms": 0.15114805712546492,
      "Hz_rms": 12.251436584727735
    },
    "M_locked": -0.07382,
    "n_params": 2,
    "n_data": 1403
  }
}