{
  "config": {
    "z_grid": {
      "min": 0.0,
      "max": 2.0,
      "N": 401
    },
    "z_points_reported": {
      "q_w": [
        0.0,
        0.5
      ],
      "Om": [
        0.5
      ]
    },
    "H0_LCDM_used": 71.06122448979592,
    "Omega_m_LCDM_used": 0.2857142857142857
  },
  "Genesis_Field": {
    "q0": {
      "median": -0.5721206429387138,
      "minus": 0.016053331756751277,
      "plus": 0.016582335762137745
    },
    "q_0p5": {
      "median": -0.14101187626101275,
      "minus": 0.019016633760354895,
      "plus": 0.018830485451404644
    },
    "w0": {
      "median": -0.7147470952924759,
      "minus": 0.01070222117116748,
      "plus": 0.01105489050809183
    },
    "w_0p5": {
      "median": -0.42734125084067515,
      "minus": 0.01267775584023656,
      "plus": 0.012553656967603077
    },
    "r0": {
      "median": 0.9989513295669386,
      "minus": 0.008177389472814212,
      "plus": 0.002730976515182393
    },
    "s0": {
      "median": 0.000325970843047032,
      "minus": 0.0008470846532370205,
      "plus": 0.0025563344936326924
    },
    "Om_0p5": {
      "median": 0.28479948883180217,
      "minus": 0.010535102478195946,
      "plus": 0.010792934527399323
    }
  },
  "LCDM": {
    "q0": -0.5714284567048225,
    "q_0p5": -0.1382993765144468,
    "w0": -0.714285637803215,
    "w_0p5": -0.42553291767629786,
    "r0": 0.9999600378974255,
    "s0": 1.2432655465524458e-05,
    "Om_0p5": 0.28571428571428564
  }
}