{
  "Ripple_Model": {
    "Ωₘ_locked": 0.36,
    "ω": 0.16,
    "ϕ": 1.18,
    "γ": 0.15,
    "ε": 0.3838433485994321,
    "ε_err": 0.09477549357447683,
    "H₀": 68.39037978697438,
    "H₀_err": 0.866500647068307,
    "chi2": 18.075548495164455,
    "aic": 22.075548495164455,
    "bic": 25.242586372076673,
    "residual_rms": 12.576471731980368,
    "n_params": 2
  },
  "ΛCDM": {
    "Ωₘ": 0.2505050505050505,
    "H₀": 71.41414141414141,
    "chi2": 20.027011457054297,
    "aic": 24.027011457054297,
    "bic": 27.194049333966518,
    "residual_rms": 13.125190187002865,
    "n_params": 2
  },
  "n_data": 36
}