{
  "config": {
    "z_grid": {
      "min": 0.0,
      "max": 2.0,
      "N": 401
    },
    "z_points_reported": {
      "q_w": [
        0.0,
        0.5
      ],
      "Om": [
        0.5
      ]
    },
    "H0_LCDM_used": 70.20262782302771,
    "Omega_m_LCDM_used": 0.3671151885693641
  },
  "Genesis_Field": {
    "q0": {
      "median": -0.44961947007977443,
      "minus": 0.030249222239296214,
      "plus": 0.031513199839447725
    },
    "q_0p5": {
      "median": -0.0074395631563924924,
      "minus": 0.029910432489121397,
      "plus": 0.029577115136434802
    },
    "w0": {
      "median": -0.6330796467198496,
      "minus": 0.020166148159530883,
      "plus": 0.021008799892965113
    },
    "w_0p5": {
      "median": -0.3382930421042617,
      "minus": 0.019940288326080913,
      "plus": 0.01971807675762327
    },
    "r0": {
      "median": 0.9991817891513796,
      "minus": 0.0003075282919142719,
      "plus": 0.00028260623228282267
    },
    "s0": {
      "median": 0.00028741888206197793,
      "minus": 0.000104161158657857,
      "plus": 0.0001180104012036597
    },
    "Om_0p5": {
      "median": 0.3669144583866241,
      "minus": 0.02016051001163005,
      "plus": 0.021006933428969143
    }
  },
  "LCDM": {
    "q0": -0.4493253633016252,
    "q_0p5": -0.007148556060339484,
    "w0": -0.6328835755344169,
    "w_0p5": -0.3380990373735596,
    "r0": 0.9991765584205685,
    "s0": 0.0002891321954388271,
    "Om_0p5": 0.367115188569364
  }
}