{
  "ΛCDM": {
    "parameters": {
      "Ωₘ": 0.358974358974359,
      "H₀": 70.3076923076923
    },
    "uncertainty": {
      "Ωₘ": 0.015784580985440905,
      "H₀": 0.24363420693331386
    },
    "chi2": 599.7768972653537,
    "aic": 603.7768972653537,
    "bic": 614.2176449388015,
    "chi2_dof": 0.4393969943335924,
    "residuals": {
      "mean": 0.007678191584022197,
      "rms": 0.1492569963508564
    },
    "M_locked": -0.07382,
    "n_params": 2
  }
}