{
  "M_locked": -0.07382,
  "best_fit": {
    "Ωₘ": 0.3671151885693641,
    "ε": -2.902600680506815e-05,
    "ω": 0.15544965633458624,
    "ϕ": -0.012022434970866636,
    "γ": 0.15525660569511823,
    "H₀": 70.20262782302771
  },
  "uncertainty": {
    "Ωₘ": 0.02082343967532481,
    "ε": 0.0057601251959826655,
    "ω": 0.08370948027296979,
    "ϕ": 1.8130687632687286,
    "γ": 0.08372419234729371,
    "H₀": 0.29121985034687303
  },
  "chi2": 599.6301383344656,
  "aic": 611.6301383344656,
  "bic": 642.9523813548093,
  "chi2_dof": 0.4405805571891739,
  "residuals": {
    "mean": 0.007555141501093404,
    "rms": 0.14923932392261993
  },
  "sanity_check": {
    "mu(z=0.1)": 38.22430702691845
  }
}